"DirectoryName","Name","Extension","LastWriteTime","Length"
"C:\Users\Usuario\Downloads","manifiesto.txt",".txt","5/17/2026 1:56:46 AM","22968"
"C:\Users\Usuario\Downloads\Audio","'Sleepless' Chillout Mix (Rameses B) [J8-vkQEpy0Q].mp3",".mp3","10/13/2025 10:37:43 AM","48358669"
"C:\Users\Usuario\Downloads\Audio","030943_woodland-birdieswav-67774.mp3",".mp3","7/8/2025 3:15:14 PM","720960"
"C:\Users\Usuario\Downloads\Audio","1000.mp3",".mp3","4/11/2025 3:06:00 PM","3853929"
"C:\Users\Usuario\Downloads\Audio","4 Øjne.mp3",".mp3","3/21/2026 5:10:44 PM","3466495"
"C:\Users\Usuario\Downloads\Audio","80s-mystical-stranger-things-133254.mp3",".mp3","7/9/2025 7:49:59 AM","3342837"
"C:\Users\Usuario\Downloads\Audio","abstract-future-bass_pursit-162604.mp3",".mp3","7/17/2025 3:02:20 PM","2933237"
"C:\Users\Usuario\Downloads\Audio","acid-jazz-2-337806.mp3",".mp3","7/15/2025 7:39:47 PM","5061120"
"C:\Users\Usuario\Downloads\Audio","aesthetic-sunset-342199.mp3",".mp3","10/15/2025 5:00:15 PM","2664192"
"C:\Users\Usuario\Downloads\Audio","amalgam-217007.mp3",".mp3","5/16/2025 9:41:28 PM","8128470"
"C:\Users\Usuario\Downloads\Audio","ambient-tranquility-30s-239560.mp3",".mp3","7/15/2025 5:49:17 PM","962304"
"C:\Users\Usuario\Downloads\Audio","Angus and Julia Stone - Big Jet Plane (remix).mp3",".mp3","2/14/2026 9:37:30 PM","4746755"
"C:\Users\Usuario\Downloads\Audio","Anthem.mp3",".mp3","4/11/2025 4:28:33 PM","4473345"
"C:\Users\Usuario\Downloads\Audio","arm0949-morning-bird-sound-128920.mp3",".mp3","4/20/2026 10:30:03 AM","1946160"
"C:\Users\Usuario\Downloads\Audio","autumn-ambient-420193.mp3",".mp3","11/18/2025 9:47:55 AM","3456768"
"C:\Users\Usuario\Downloads\Audio","backpack-34942.mp3",".mp3","10/6/2025 9:01:57 AM","431040"
"C:\Users\Usuario\Downloads\Audio","basement-ambience-corrupted-199416.mp3",".mp3","11/17/2025 3:40:13 PM","804864"
"C:\Users\Usuario\Downloads\Audio","beautiful-moment-347304.mp3",".mp3","7/9/2025 8:13:58 PM","4206341"
"C:\Users\Usuario\Downloads\Audio","better-day-186374.mp3",".mp3","7/8/2025 8:48:08 PM","2902308"
"C:\Users\Usuario\Downloads\Audio","Billie Eilish - Lovely (Official Instrumental).mp3",".mp3","1/13/2026 1:05:24 PM","4816280"
"C:\Users\Usuario\Downloads\Audio","birds-19624.mp3",".mp3","10/6/2025 9:54:18 AM","12726240"
"C:\Users\Usuario\Downloads\Audio","birds39-forest-20772.mp3",".mp3","7/15/2025 7:07:02 PM","2255307"
"C:\Users\Usuario\Downloads\Audio","blissful-tranquility-240984.mp3",".mp3","7/15/2025 5:52:04 PM","1309440"
"C:\Users\Usuario\Downloads\Audio","Blå Himmel.mp3",".mp3","4/27/2026 11:56:05 AM","5488359"
"C:\Users\Usuario\Downloads\Audio","bomb-333672.mp3",".mp3","7/17/2025 3:43:33 PM","259134"
"C:\Users\Usuario\Downloads\Audio","book-grab-open-and-close-hard-99898.mp3",".mp3","10/6/2025 9:08:12 AM","274944"
"C:\Users\Usuario\Downloads\Audio","boom-geomorphism-cinematic-trailer-sound-effects-123876 (1).mp3",".mp3","7/8/2025 11:09:02 PM","509184"
"C:\Users\Usuario\Downloads\Audio","boom-geomorphism-cinematic-trailer-sound-effects-123876 (2).mp3",".mp3","7/17/2025 6:23:01 PM","509184"
"C:\Users\Usuario\Downloads\Audio","boom-geomorphism-cinematic-trailer-sound-effects-123876.mp3",".mp3","7/8/2025 3:11:49 PM","509184"
"C:\Users\Usuario\Downloads\Audio","breaking-wood-356120.mp3",".mp3","10/19/2025 3:42:19 PM","259134"
"C:\Users\Usuario\Downloads\Audio","breath-of-cow-78843.mp3",".mp3","10/19/2025 6:27:46 PM","1328640"
"C:\Users\Usuario\Downloads\Audio","BTW.mp3",".mp3","4/11/2025 2:35:26 PM","3988721"
"C:\Users\Usuario\Downloads\Audio","button-124476.mp3",".mp3","6/27/2025 7:02:20 PM","56842"
"C:\Users\Usuario\Downloads\Audio","button-press-beep-269718.mp3",".mp3","6/3/2025 11:28:12 PM","35108"
"C:\Users\Usuario\Downloads\Audio","c152 & diedlonely - escape again [tQLU_DqCLj0].mp3",".mp3","1/22/2026 7:16:14 PM","1669790"
"C:\Users\Usuario\Downloads\Audio","camera-shutter-187326.mp3",".mp3","7/9/2025 7:35:12 PM","461427"
"C:\Users\Usuario\Downloads\Audio","Carlas Dreams - Luna  Nocturn_ Act 4.mp3",".mp3","7/3/2025 12:39:55 AM","5514063"
"C:\Users\Usuario\Downloads\Audio","chair-squeak-38474.mp3",".mp3","10/5/2025 9:22:20 PM","8640"
"C:\Users\Usuario\Downloads\Audio","Chicane vs. Natasha Bedingfield - Bruised Water (Adam K & Soha Club Mix) [HD] [JBhgTJsob1o].mp3",".mp3","12/28/2025 7:18:51 PM","6151910"
"C:\Users\Usuario\Downloads\Audio","Chill Instrumental [Non Copyrighted Music] Embrace by @Sappheiros.mp3",".mp3","4/11/2025 3:41:49 PM","6651330"
"C:\Users\Usuario\Downloads\Audio","chill-vibes-lo-fi-247783.mp3",".mp3","9/14/2025 3:56:42 PM","3755520"
"C:\Users\Usuario\Downloads\Audio","cinematic-atmosphere-score-2-22136.mp3",".mp3","7/9/2025 8:10:19 PM","5680065"
"C:\Users\Usuario\Downloads\Audio","cinematic-bass-boom-free-370400.mp3",".mp3","7/17/2025 3:17:04 PM","243252"
"C:\Users\Usuario\Downloads\Audio","cinematic-inception-style-the-long-journey-of-a-hero-337670.mp3",".mp3","7/15/2025 7:36:18 PM","6406478"
"C:\Users\Usuario\Downloads\Audio","click-buttons-ui-menu-sounds-effects-button-2-203594.mp3",".mp3","6/27/2025 7:04:11 PM","129567"
"C:\Users\Usuario\Downloads\Audio","clothes-rustle-6817.mp3",".mp3","10/5/2025 9:15:29 PM","326880"
"C:\Users\Usuario\Downloads\Audio","concrete-footsteps-1-6265.mp3",".mp3","6/3/2025 11:23:11 PM","151680"
"C:\Users\Usuario\Downloads\Audio","corporate-upbeat-342066.mp3",".mp3","7/9/2025 8:01:32 AM","3380453"
"C:\Users\Usuario\Downloads\Audio","cow-bell-75795.mp3",".mp3","10/19/2025 6:33:22 PM","449280"
"C:\Users\Usuario\Downloads\Audio","cow-moo-390282.mp3",".mp3","10/19/2025 6:19:09 PM","50991"
"C:\Users\Usuario\Downloads\Audio","crackle-fireplace-campfire-402289.mp3",".mp3","11/17/2025 3:41:48 PM","4299964"
"C:\Users\Usuario\Downloads\Audio","crackling-fireplace-nature-sounds-8012.mp3",".mp3","10/19/2025 3:35:36 PM","1856574"
"C:\Users\Usuario\Downloads\Audio","crickets-chirping_animal_insect_sound-206330.mp3",".mp3","10/19/2025 3:33:57 PM","1104384"
"C:\Users\Usuario\Downloads\Audio","Crystal Castles - Transgender (Tiktok version).mp3",".mp3","5/27/2025 9:37:48 AM","5388048"
"C:\Users\Usuario\Downloads\Audio","cutandpaste.fr - Amazonia Relaxing Music - Calming Female Vocal Music Amazon Rainforest Ambience Soothing Music (320 KBps).mp3",".mp3","12/7/2025 10:17:55 PM","366985970"
"C:\Users\Usuario\Downloads\Audio","cutting-vegetables-334279.mp3",".mp3","10/2/2025 4:58:40 PM","667062"
"C:\Users\Usuario\Downloads\Audio","Danilo Stankovic - Pieces (Solo Piano).mp3",".mp3","6/13/2025 11:41:52 AM","2069035"
"C:\Users\Usuario\Downloads\Audio","dark-mystery-intro-352303.mp3",".mp3","6/27/2025 7:37:55 PM","401664"
"C:\Users\Usuario\Downloads\Audio","deep-abstract-ambient_snowcap-401656.mp3",".mp3","9/28/2025 12:17:11 PM","3154755"
"C:\Users\Usuario\Downloads\Audio","desk-chair-squeaking-28433.mp3",".mp3","10/6/2025 9:00:23 AM","291360"
"C:\Users\Usuario\Downloads\Audio","desk-lamp-switch-on-and-off-8325.mp3",".mp3","10/5/2025 9:06:54 PM","88607"
"C:\Users\Usuario\Downloads\Audio","Deyaz - Home (Lyrics) [gehbqGiGbsk].mp3",".mp3","10/5/2025 11:01:09 AM","2558830"
"C:\Users\Usuario\Downloads\Audio","ding-101492.mp3",".mp3","7/8/2025 8:37:16 PM","87771"
"C:\Users\Usuario\Downloads\Audio","district-99-146425.mp3",".mp3","7/9/2025 7:58:13 PM","6338769"
"C:\Users\Usuario\Downloads\Audio","DJ One Up - Night Shift  Bboy Music 2026.mp3",".mp3","4/9/2026 7:12:11 PM","2682313"
"C:\Users\Usuario\Downloads\Audio","domino-stone-on-the-table-87997.mp3",".mp3","10/5/2025 9:13:28 PM","203040"
"C:\Users\Usuario\Downloads\Audio","dragon-studio-cow-moo-1-472361.mp3",".mp3","5/10/2026 12:43:43 AM","42240"
"C:\Users\Usuario\Downloads\Audio","dragon-studio-cow-moo-339729.mp3",".mp3","5/10/2026 12:44:18 AM","259134"
"C:\Users\Usuario\Downloads\Audio","dragon-studio-glacier-ice-breaking-450458.mp3",".mp3","4/13/2026 2:31:16 AM","489984"
"C:\Users\Usuario\Downloads\Audio","dramatic-scene-separation-melancholy-15s-159310.mp3",".mp3","7/8/2025 9:01:33 PM","482324"
"C:\Users\Usuario\Downloads\Audio","dramatic-suspenful-thriller-375360.mp3",".mp3","7/17/2025 6:32:06 PM","3937175"
"C:\Users\Usuario\Downloads\Audio","Ed Sheeran - Photograph (Official Music Video).mp3",".mp3","4/6/2026 7:19:38 PM","4013879"
"C:\Users\Usuario\Downloads\Audio","Egzod & Maestro Chives - Royalty (ft. Neoni)  Trap  NCS - Copyright Free Music.mp3",".mp3","9/25/2025 5:37:52 PM","5378017"
"C:\Users\Usuario\Downloads\Audio","Egzod & Maestro Chives - Royalty (Lyrics) ft. Neoni.mp3",".mp3","2/5/2026 9:38:27 PM","3652461"
"C:\Users\Usuario\Downloads\Audio","embers-of-tomorrow-371360.mp3",".mp3","7/9/2025 8:15:16 PM","5376000"
"C:\Users\Usuario\Downloads\Audio","embrace-364091.mp3",".mp3","7/8/2025 9:11:34 PM","5022720"
"C:\Users\Usuario\Downloads\Audio","Epic Battle.mp3",".mp3","4/9/2026 7:27:02 PM","5547918"
"C:\Users\Usuario\Downloads\Audio","experimental-cinematic-hip-hop-315904.mp3",".mp3","5/7/2025 7:37:02 AM","4490553"
"C:\Users\Usuario\Downloads\Audio","explosion-42132.mp3",".mp3","7/17/2025 3:43:50 PM","120372"
"C:\Users\Usuario\Downloads\Audio","Feint - Time Bomb (feat. Veela).mp3",".mp3","5/23/2025 12:07:49 PM","5085237"
"C:\Users\Usuario\Downloads\Audio","flowing-creek-191306.mp3",".mp3","7/17/2025 7:10:36 PM","402432"
"C:\Users\Usuario\Downloads\Audio","freesound_community-birds-flapping-wings-14763.mp3",".mp3","4/20/2026 10:28:35 AM","173871"
"C:\Users\Usuario\Downloads\Audio","freesound_community-talking-people-6368.mp3",".mp3","4/13/2026 2:32:41 AM","1377120"
"C:\Users\Usuario\Downloads\Audio","freesound_community-wind-blowing-70681.mp3",".mp3","4/20/2026 10:23:50 AM","458880"
"C:\Users\Usuario\Downloads\Audio","gentle-rain-for-relaxation-and-sleep-337279.mp3",".mp3","7/8/2025 9:08:45 PM","16979712"
"C:\Users\Usuario\Downloads\Audio","glossy-168156.mp3",".mp3","6/7/2025 12:53:33 PM","2992587"
"C:\Users\Usuario\Downloads\Audio","gong-2-232435.mp3",".mp3","11/17/2025 3:56:00 PM","226533"
"C:\Users\Usuario\Downloads\Audio","good-night-lofi-cozy-chill-music-160166.mp3",".mp3","9/23/2025 5:55:45 PM","4707892"
"C:\Users\Usuario\Downloads\Audio","Hans Zimmer - Time (Official Audio).mp3",".mp3","10/5/2025 9:01:54 PM","6616848"
"C:\Users\Usuario\Downloads\Audio","heartbeat-with-reverb-328171.mp3",".mp3","6/27/2025 7:37:01 PM","161280"
"C:\Users\Usuario\Downloads\Audio","hip-hop-drums-loop-bpm-140-5-179398.mp3",".mp3","6/3/2025 11:33:04 PM","494592"
"C:\Users\Usuario\Downloads\Audio","hokkaido-chill-lofi-325856.mp3",".mp3","9/22/2025 6:26:59 PM","6537984"
"C:\Users\Usuario\Downloads\Audio","horror-6422.mp3",".mp3","6/27/2025 7:07:59 PM","1936320"
"C:\Users\Usuario\Downloads\Audio","impact-250140.mp3",".mp3","7/9/2025 7:38:55 AM","3807608"
"C:\Users\Usuario\Downloads\Audio","impact-cinematic-boom-05-352465.mp3",".mp3","7/9/2025 7:34:34 AM","66816"
"C:\Users\Usuario\Downloads\Audio","Imperfect.mp3",".mp3","4/21/2026 2:29:17 PM","1593565"
"C:\Users\Usuario\Downloads\Audio","inside-car-noise-while-driving-29978.mp3",".mp3","10/13/2025 1:03:37 PM","1046880"
"C:\Users\Usuario\Downloads\Audio","inspiring-emotional-piano-music-330017.mp3",".mp3","9/30/2025 7:41:04 PM","3401351"
"C:\Users\Usuario\Downloads\Audio","inspiring-emotional-uplifting-piano-112623.mp3",".mp3","7/9/2025 8:05:26 PM","5073188"
"C:\Users\Usuario\Downloads\Audio","Interstellar Main Theme - Extra Extended - Soundtrack by  Hans Zimmer.mp3",".mp3","10/4/2025 10:07:54 AM","18610187"
"C:\Users\Usuario\Downloads\Audio","investigating-shadows-dark-ambient-258067.mp3",".mp3","9/14/2025 4:44:18 PM","2763546"
"C:\Users\Usuario\Downloads\Audio","iPhone Message Tone.mp3",".mp3","7/8/2025 4:33:14 PM","69100"
"C:\Users\Usuario\Downloads\Audio","JBL SOUND EFFECTS.mp3",".mp3","6/3/2025 11:37:47 PM","522493"
"C:\Users\Usuario\Downloads\Audio","jungle-waves-drumampbass-electronic-inspiring-promo-345013.mp3",".mp3","5/26/2025 4:49:31 PM","4213864"
"C:\Users\Usuario\Downloads\Audio","keyboard-typing-sound-effect-335503 (1).mp3",".mp3","10/6/2025 9:11:50 AM","259134"
"C:\Users\Usuario\Downloads\Audio","keyboard-typing-sound-effect-335503.mp3",".mp3","9/22/2025 5:52:12 PM","259134"
"C:\Users\Usuario\Downloads\Audio","Kina - i'm in love with you (lyrics).mp3",".mp3","4/19/2026 10:10:44 PM","4289652"
"C:\Users\Usuario\Downloads\Audio","koshi-chimes-solar-chakra-301756.mp3",".mp3","11/17/2025 3:54:49 PM","1665149"
"C:\Users\Usuario\Downloads\Audio","leberch-nature-437475.mp3",".mp3","5/10/2026 12:09:03 AM","2433358"
"C:\Users\Usuario\Downloads\Audio","leberch-nature-cinematic-512537.mp3",".mp3","4/12/2026 10:52:12 AM","3009306"
"C:\Users\Usuario\Downloads\Audio","leva-eternity-149473.mp3",".mp3","5/9/2025 6:57:00 AM","4636003"
"C:\Users\Usuario\Downloads\Audio","llaveskeys-338166.mp3",".mp3","10/5/2025 9:12:38 PM","63744"
"C:\Users\Usuario\Downloads\Audio","lofi-girl-lofi-ambient-music-365952.mp3",".mp3","10/19/2025 10:41:19 AM","5114880"
"C:\Users\Usuario\Downloads\Audio","Lost in a Moment.mp3",".mp3","12/1/2025 2:01:32 PM","5531617"
"C:\Users\Usuario\Downloads\Audio","lost-in-dreams-abstract-chill-downtempo-cinematic-future-beats-270241.mp3",".mp3","5/9/2025 4:24:52 AM","6257684"
"C:\Users\Usuario\Downloads\Audio","lost-in-the-crystal-caves-instrumental-170032.mp3",".mp3","9/14/2025 3:54:27 PM","3922964"
"C:\Users\Usuario\Downloads\Audio","lux-aeterna-cold-arctic-ambient-441447.mp3",".mp3","4/13/2026 2:02:46 AM","4478208"
"C:\Users\Usuario\Downloads\Audio","Maestro Chives, Egzod, Neoni - Royalty [NCS Release].mp3",".mp3","5/20/2025 11:39:04 AM","8947506"
"C:\Users\Usuario\Downloads\Audio","mallard-duck-anas-platyrhynchos-singing-261877.mp3",".mp3","10/13/2025 1:23:05 PM","2337227"
"C:\Users\Usuario\Downloads\Audio","meditation-yoga-music-331711.mp3",".mp3","7/17/2025 7:15:22 PM","9393214"
"C:\Users\Usuario\Downloads\Audio","meditation-yoga-relaxing-music-371413.mp3",".mp3","10/22/2025 7:34:57 PM","17815928"
"C:\Users\Usuario\Downloads\Audio","mega-bass-sub-drop-effect-240472.mp3",".mp3","7/9/2025 7:40:32 AM","44303"
"C:\Users\Usuario\Downloads\Audio","memories-169205.mp3",".mp3","6/13/2025 3:31:20 PM","4291604"
"C:\Users\Usuario\Downloads\Audio","Michael FK - Holding Back.mp3",".mp3","6/7/2025 12:17:54 PM","9762874"
"C:\Users\Usuario\Downloads\Audio","Mick Wingert - Spin The Wheel (from Arcane Season 2) [Official Music Video].mp3",".mp3","6/14/2025 9:59:56 PM","3867095"
"C:\Users\Usuario\Downloads\Audio","mightuser-sound-of-chirping-birds-at-dawn-and-dusk-hd-261322.mp3",".mp3","5/10/2026 12:34:44 AM","321024"
"C:\Users\Usuario\Downloads\Audio","MOLIY & Silent Addy, Skillibeng, Shenseea - SHAKE IT TO THE MAX (REMIX) {OFFICIAL AUDIO}.mp3",".mp3","6/3/2025 11:36:58 PM","7173268"
"C:\Users\Usuario\Downloads\Audio","mooing-cow-122255.mp3",".mp3","10/19/2025 6:18:56 PM","70217"
"C:\Users\Usuario\Downloads\Audio","mouse-click-290204.mp3",".mp3","10/6/2025 8:58:35 AM","11702"
"C:\Users\Usuario\Downloads\Audio","movement-200697 (1).mp3",".mp3","6/5/2025 9:57:58 AM","4963683"
"C:\Users\Usuario\Downloads\Audio","movement-200697.mp3",".mp3","5/15/2025 4:18:03 PM","4963683"
"C:\Users\Usuario\Downloads\Audio","music_unlimited-ambient-chillout-meditative-background-music-152970.mp3",".mp3","4/20/2026 9:50:36 AM","4058383"
"C:\Users\Usuario\Downloads\Audio","nickype-birds-singing_nature-sound-145453.mp3",".mp3","5/10/2026 12:33:33 AM","777984"
"C:\Users\Usuario\Downloads\Audio","Night Shift.mp3",".mp3","4/14/2026 8:14:25 PM","2828995"
"C:\Users\Usuario\Downloads\Audio","night-rain-with-distant-thunder-321446.mp3",".mp3","5/6/2025 1:35:47 PM","28802403"
"C:\Users\Usuario\Downloads\Audio","nightfall-future-bass-music-228100 (1).mp3",".mp3","7/17/2025 3:14:37 PM","4532349"
"C:\Users\Usuario\Downloads\Audio","nightfall-future-bass-music-228100.mp3",".mp3","7/9/2025 8:22:17 PM","4532349"
"C:\Users\Usuario\Downloads\Audio","Noches en Andalucía (Spanish Guitar)- Govi.mp3",".mp3","10/2/2025 4:54:51 PM","7779193"
"C:\Users\Usuario\Downloads\Audio","Nostalgic Music (No Copyright).mp3",".mp3","4/12/2025 1:12:46 AM","2939853"
"C:\Users\Usuario\Downloads\Audio","nuke-333673.mp3",".mp3","7/17/2025 3:45:08 PM","259134"
"C:\Users\Usuario\Downloads\Audio","Ny optagelse 11.m4a",".m4a","10/4/2025 10:32:23 AM","127164"
"C:\Users\Usuario\Downloads\Audio","ocean-waves-sound-02-321572.mp3",".mp3","10/13/2025 6:30:06 PM","3332352"
"C:\Users\Usuario\Downloads\Audio","old-chair-moving-210885.mp3",".mp3","10/5/2025 9:19:38 PM","211487"
"C:\Users\Usuario\Downloads\Audio","old-school-projector-97973.mp3",".mp3","10/22/2025 7:41:54 PM","172320"
"C:\Users\Usuario\Downloads\Audio","open-and-closed-door-405452.mp3",".mp3","10/5/2025 9:08:13 PM","80640"
"C:\Users\Usuario\Downloads\Audio","open-door-sound-247415.mp3",".mp3","6/3/2025 11:25:41 PM","86784"
"C:\Users\Usuario\Downloads\Audio","Passenger - Patient Love.mp3",".mp3","6/27/2025 11:28:57 AM","4586821"
"C:\Users\Usuario\Downloads\Audio","PASSO BEM SOLTO (NA FESTA DO FIM DE SEMANA) - ATLXS (Slowed) Lyrics_Letra.mp3",".mp3","6/28/2025 2:18:59 PM","4654019"
"C:\Users\Usuario\Downloads\Audio","perfect-beauty-191271.mp3",".mp3","7/17/2025 3:24:35 PM","14095104"
"C:\Users\Usuario\Downloads\Audio","Petit Biscuit - Sunset Lover (Official Video).mp3",".mp3","6/17/2025 11:41:56 PM","5139781"
"C:\Users\Usuario\Downloads\Audio","pop-402324.mp3",".mp3","1/22/2026 7:53:20 PM","23040"
"C:\Users\Usuario\Downloads\Audio","pushing-pulling-chair-table-wooden-furntiure-across-hard-floor-pack-26311.mp3",".mp3","10/5/2025 9:23:02 PM","1268160"
"C:\Users\Usuario\Downloads\Audio","Radiohead - Everything In Its Right Place (Instrumental).mp3",".mp3","1/13/2026 1:01:34 PM","6422445"
"C:\Users\Usuario\Downloads\Audio","rainy-day-in-town-with-birds-singing-194011.mp3",".mp3","7/8/2025 9:08:31 PM","18599183"
"C:\Users\Usuario\Downloads\Audio","raiser-85903 (1).mp3",".mp3","10/22/2025 7:33:06 PM","152160"
"C:\Users\Usuario\Downloads\Audio","raiser-85903 (2).mp3",".mp3","1/22/2026 7:09:41 PM","152160"
"C:\Users\Usuario\Downloads\Audio","raiser-85903.mp3",".mp3","7/9/2025 7:37:42 PM","152160"
"C:\Users\Usuario\Downloads\Audio","Rameses B - Moonlight.mp3",".mp3","5/10/2025 3:54:21 PM","8149087"
"C:\Users\Usuario\Downloads\Audio","Rauw Alejandro, Baby Rasta - PUNTO 40 (Official Video).mp3",".mp3","4/14/2026 6:24:32 PM","3559993"
"C:\Users\Usuario\Downloads\Audio","relaxing-piano-music-272714.mp3",".mp3","9/8/2025 9:00:35 PM","3505152"
"C:\Users\Usuario\Downloads\Audio","rhythm-347172.mp3",".mp3","7/8/2025 3:27:12 PM","4096835"
"C:\Users\Usuario\Downloads\Audio","Rihanna - What's My Name_ ft. Drake.mp3",".mp3","10/1/2025 10:58:40 PM","6355415"
"C:\Users\Usuario\Downloads\Audio","riser-wildfire-285209.mp3",".mp3","7/9/2025 8:11:27 AM","384768"
"C:\Users\Usuario\Downloads\Audio","rock-drop-in-water-361989.mp3",".mp3","10/13/2025 7:22:47 PM","190589"
"C:\Users\Usuario\Downloads\Audio","rzalmanialmani-voice-birds-in-the-world-9241.mp3",".mp3","5/10/2026 12:35:20 AM","505730"
"C:\Users\Usuario\Downloads\Audio","sad-emotional-beat-cry-alone-121597.mp3",".mp3","10/16/2025 5:19:30 PM","7009175"
"C:\Users\Usuario\Downloads\Audio","sad-soul-chasing-a-feeling-185750.mp3",".mp3","7/8/2025 9:02:14 PM","3732375"
"C:\Users\Usuario\Downloads\Audio","sea-and-seagull-wave-5932.mp3",".mp3","10/13/2025 6:26:32 PM","1402560"
"C:\Users\Usuario\Downloads\Audio","self-love-371138.mp3",".mp3","7/8/2025 3:29:32 PM","7680768"
"C:\Users\Usuario\Downloads\Audio","shine-11-268907.mp3",".mp3","7/17/2025 6:05:27 PM","178176"
"C:\Users\Usuario\Downloads\Audio","Sia - Snowman [Official Video].mp3",".mp3","12/13/2025 5:11:27 PM","4137306"
"C:\Users\Usuario\Downloads\Audio","soft-wind-318856.mp3",".mp3","10/13/2025 1:09:10 PM","706351"
"C:\Users\Usuario\Downloads\Audio","sonican-lo-fi-music-loop-sentimental-jazzy-love-473154.mp3",".mp3","4/14/2026 2:54:36 PM","3215778"
"C:\Users\Usuario\Downloads\Audio","soothing-river-flow-372456.mp3",".mp3","10/13/2025 1:18:25 PM","706351"
"C:\Users\Usuario\Downloads\Audio","sound-design-elements-sfx-ps-022-302865.mp3",".mp3","7/8/2025 8:53:54 PM","387840"
"C:\Users\Usuario\Downloads\Audio","sound-of-falling-snow-211055.mp3",".mp3","11/24/2025 11:16:53 AM","292571"
"C:\Users\Usuario\Downloads\Audio","space-ambient-cinematic-music-338203.mp3",".mp3","6/28/2025 1:36:53 PM","5767000"
"C:\Users\Usuario\Downloads\Audio","spread-your-wings-background-dramatic-music-for-video-full-version-337080.mp3",".mp3","7/15/2025 5:32:32 PM","5680065"
"C:\Users\Usuario\Downloads\Audio","steps-30810.mp3",".mp3","10/5/2025 9:11:51 PM","985344"
"C:\Users\Usuario\Downloads\Audio","sticks-rustling-v2-80381.mp3",".mp3","10/19/2025 6:31:50 PM","154560"
"C:\Users\Usuario\Downloads\Audio","sub-bass-boom-1-302682.mp3",".mp3","7/9/2025 7:55:44 PM","120372"
"C:\Users\Usuario\Downloads\Audio","sweet-life-luxury-chill-438146.mp3",".mp3","11/18/2025 9:54:39 AM","3274292"
"C:\Users\Usuario\Downloads\Audio","swoosh-06-351021.mp3",".mp3","7/8/2025 4:41:27 PM","35328"
"C:\Users\Usuario\Downloads\Audio","swoosh-1-463607.mp3",".mp3","1/22/2026 7:52:32 PM","25077"
"C:\Users\Usuario\Downloads\Audio","SYML - Where's My Love (Acoustic).mp3",".mp3","4/20/2026 9:58:38 AM","3271178"
"C:\Users\Usuario\Downloads\Audio","tanweraman-ice-cracking-445027.mp3",".mp3","4/13/2026 2:30:28 AM","124320"
"C:\Users\Usuario\Downloads\Audio","tape-player-sounds-90780.mp3",".mp3","7/8/2025 3:36:23 PM","138240"
"C:\Users\Usuario\Downloads\Audio","tension-build-6035.mp3",".mp3","7/15/2025 5:29:11 PM","505344"
"C:\Users\Usuario\Downloads\Audio","tension-suspense-background-music-331058.mp3",".mp3","7/15/2025 5:09:23 PM","2466795"
"C:\Users\Usuario\Downloads\Audio","terrifying-beach-with-wind-336345.mp3",".mp3","6/27/2025 7:35:37 PM","966912"
"C:\Users\Usuario\Downloads\Audio","the_mountain-lofi-513863.mp3",".mp3","4/14/2026 2:53:56 PM","2944940"
"C:\Users\Usuario\Downloads\Audio","Tobias Rahim - Ingen Yin uden Yang ft. Mille (1).mp3",".mp3","10/12/2025 1:17:42 PM","4152979"
"C:\Users\Usuario\Downloads\Audio","Tobias Rahim - Ingen Yin uden Yang ft. Mille.mp3",".mp3","10/12/2025 1:16:53 PM","4152979"
"C:\Users\Usuario\Downloads\Audio","True Fuschnick (Shaheed's Fix).mp3",".mp3","4/9/2026 7:26:31 PM","6753521"
"C:\Users\Usuario\Downloads\Audio","tv-playing-in-the-next-room-distant-and-indistinct-television-sound-360697.mp3",".mp3","7/8/2025 11:07:36 PM","2785536"
"C:\Users\Usuario\Downloads\Audio","underwater-whale-and-diving-sound-ambient-116185.mp3",".mp3","10/13/2025 6:28:43 PM","19734360"
"C:\Users\Usuario\Downloads\Audio","Violin piano, Dubstep, Extended Edition, 20 Minutes,.mp3",".mp3","4/9/2026 4:48:27 PM","28085740"
"C:\Users\Usuario\Downloads\Audio","VXLLAIN, iGRES, ENXK - Cystal Skies (4K Music Video).mp3",".mp3","10/5/2025 10:59:52 AM","4226958"
"C:\Users\Usuario\Downloads\Audio","walking-on-concrete-ver-2-268513.mp3",".mp3","10/13/2025 7:36:05 PM","259134"
"C:\Users\Usuario\Downloads\Audio","walking-on-grass-363353.mp3",".mp3","10/19/2025 3:36:54 PM","35108"
"C:\Users\Usuario\Downloads\Audio","walking-on-leaves-260279.mp3",".mp3","10/13/2025 7:32:18 PM","603360"
"C:\Users\Usuario\Downloads\Audio","walking-on-wooden-floor-94493.mp3",".mp3","10/19/2025 5:12:10 PM","125387"
"C:\Users\Usuario\Downloads\Audio","walking-up-the-stairs-268464.mp3",".mp3","6/3/2025 11:23:50 PM","259134"
"C:\Users\Usuario\Downloads\Audio","Warriyo, LXNGVX - Mortals Funk Remix [NCS Release].mp3",".mp3","5/20/2025 11:33:35 AM","5857741"
"C:\Users\Usuario\Downloads\Audio","waterfall-sounds-259625.mp3",".mp3","7/17/2025 7:10:52 PM","2628963"
"C:\Users\Usuario\Downloads\Audio","watr-double-overhead-11517.mp3",".mp3","5/27/2025 6:58:14 PM","6729142"
"C:\Users\Usuario\Downloads\Audio","whitenoise-34872.mp3",".mp3","7/8/2025 11:10:35 PM","607200"
"C:\Users\Usuario\Downloads\Audio","whoosh-blow-flutter-shortwav-14678.mp3",".mp3","10/22/2025 8:37:28 PM","17760"
"C:\Users\Usuario\Downloads\Audio","whoosh-cinematic-161021.mp3",".mp3","7/8/2025 5:51:42 PM","96966"
"C:\Users\Usuario\Downloads\Audio","wind-rustling-grass-339094 (1).mp3",".mp3","10/19/2025 6:36:47 PM","892760"
"C:\Users\Usuario\Downloads\Audio","wind-rustling-grass-339094.mp3",".mp3","10/13/2025 1:11:19 PM","892760"
"C:\Users\Usuario\Downloads\Audio","writing-with-pen-35109.mp3",".mp3","11/17/2025 3:58:41 PM","1966848"
"C:\Users\Usuario\Downloads\Audio","writing-with-pencil-371358.mp3",".mp3","11/17/2025 3:57:07 PM","722233"
"C:\Users\Usuario\Downloads\Audio","You Can Do Anything  Jim Rohn.mp3",".mp3","10/19/2025 10:51:49 AM","452159"
"C:\Users\Usuario\Downloads\Audio","zipper-102998.mp3",".mp3","10/6/2025 9:02:22 AM","45600"
"C:\Users\Usuario\Downloads\Audio","zoom-in-355958.mp3",".mp3","7/9/2025 9:13:24 PM","67709"
"C:\Users\Usuario\Downloads\Comprimidos","1237494271423.zip",".zip","9/24/2025 4:50:11 PM","3159504"
"C:\Users\Usuario\Downloads\Comprimidos","AA2_COLOR_V.cube.zip",".zip","9/24/2025 5:00:48 PM","196857"
"C:\Users\Usuario\Downloads\Comprimidos","Aarhus strand og dyr-20250921T114218Z-1-001.zip",".zip","9/21/2025 1:43:28 PM","1407507946"
"C:\Users\Usuario\Downloads\Comprimidos","Audio parte 1 film-20251005T190103Z-1-001.zip",".zip","10/5/2025 9:01:09 PM","9398576"
"C:\Users\Usuario\Downloads\Comprimidos","DR17-IntroToEditing.zip",".zip","4/23/2026 9:37:43 AM","268164659"
"C:\Users\Usuario\Downloads\Comprimidos","drive-download-20250914T124804Z-1-002.zip",".zip","9/14/2025 2:49:14 PM","669657980"
"C:\Users\Usuario\Downloads\Comprimidos","files.zip",".zip","5/15/2026 2:22:36 AM","13065"
"C:\Users\Usuario\Downloads\Comprimidos","Fonts+for+templates+.zip",".zip","9/30/2025 6:45:52 PM","963856"
"C:\Users\Usuario\Downloads\Comprimidos","Fotos en iCloud (1).zip",".zip","4/23/2026 1:16:03 PM","7296516"
"C:\Users\Usuario\Downloads\Comprimidos","Fotos en iCloud.zip",".zip","5/3/2025 9:05:52 PM","34392997"
"C:\Users\Usuario\Downloads\Comprimidos","MagicSubtitleFree.zip",".zip","10/18/2025 8:23:50 AM","69320"
"C:\Users\Usuario\Downloads\Comprimidos","Maxine-Gervais_02_Golden_Lush_d65-Look-Collection-for-Sony-VENICE.zip",".zip","10/16/2025 8:35:04 PM","742472"
"C:\Users\Usuario\Downloads\Comprimidos","ssc_stabilizelock.zip",".zip","10/18/2025 8:42:34 AM","34442"
"C:\Users\Usuario\Downloads\Comprimidos","ssc_tracked_image (1).zip",".zip","10/18/2025 8:42:35 AM","32980"
"C:\Users\Usuario\Downloads\Comprimidos","ssc_tracked_image.zip",".zip","10/18/2025 8:42:34 AM","32980"
"C:\Users\Usuario\Downloads\Comprimidos","SSC_VerticalPresets.zip",".zip","10/18/2025 8:42:24 AM","56180"
"C:\Users\Usuario\Downloads\Comprimidos","SSC_WordByWord.zip",".zip","10/18/2025 8:42:36 AM","2768"
"C:\Users\Usuario\Downloads\Comprimidos","sv2_look_1_r709_g24.cube.zip",".zip","9/24/2025 5:00:53 PM","311195"
"C:\Users\Usuario\Downloads\Comprimidos","sv2_look_2_r709_g24.cube.zip",".zip","9/24/2025 4:54:46 PM","292940"
"C:\Users\Usuario\Downloads\Comprimidos","yt_endscreen.zip",".zip","10/18/2025 8:42:35 AM","14630"
"C:\Users\Usuario\Downloads\DaVinci_Resolve_Studio_20.3.2_Windows","Install Resolve 20.3.2.dat",".dat","4/20/2026 6:16:41 PM","8030115061"
"C:\Users\Usuario\Downloads\DaVinci_Resolve_Studio_20.3.2_Windows","Install Resolve 20.3.2.exe",".exe","4/20/2026 6:16:42 PM","2320376"
"C:\Users\Usuario\Downloads\Documentos","3_2_skrive_E_NY-SEPT_rettet.pdf",".pdf","11/25/2025 8:33:46 PM","213265"
"C:\Users\Usuario\Downloads\Documentos","AjtBcn_CertResi_2025-06-23.pdf",".pdf","6/23/2025 10:32:24 AM","138946"
"C:\Users\Usuario\Downloads\Documentos","aletas bebita.pdf",".pdf","11/1/2024 9:51:07 PM","342006"
"C:\Users\Usuario\Downloads\Documentos","ansogningsskema-om-anerkendelse-engelsk-marts-2020 1 (1).pdf",".pdf","7/27/2024 6:56:32 PM","2123649"
"C:\Users\Usuario\Downloads\Documentos","ansogningsskema-om-anerkendelse-engelsk-marts-2020 1.pdf",".pdf","7/27/2024 6:56:12 PM","2123649"
"C:\Users\Usuario\Downloads\Documentos","Autoritzaciodomicili_cas.pdf",".pdf","7/2/2025 11:31:29 PM","465332"
"C:\Users\Usuario\Downloads\Documentos","Autoritzaciodomicili_cas[1].pdf",".pdf","7/3/2025 1:54:14 PM","1344551"
"C:\Users\Usuario\Downloads\Documentos","Candidate_Information_leaflet_CCC_BCN_Crheo_EN (1).pdf",".pdf","5/20/2025 10:43:22 PM","254467"
"C:\Users\Usuario\Downloads\Documentos","Candidate_Information_leaflet_CCC_BCN_Crheo_EN (2).pdf",".pdf","5/22/2025 12:05:24 PM","254467"
"C:\Users\Usuario\Downloads\Documentos","Candidate_Information_leaflet_CCC_BCN_Crheo_EN.pdf",".pdf","5/20/2025 10:43:22 PM","254467"
"C:\Users\Usuario\Downloads\Documentos","certificadoDS.pdf",".pdf","2/28/2026 3:15:29 PM","391010"
"C:\Users\Usuario\Downloads\Documentos","certificadoDS_apostilla.pdf",".pdf","2/28/2026 3:15:45 PM","669159"
"C:\Users\Usuario\Downloads\Documentos","certificadoDS_jonathan.pdf",".pdf","2/28/2026 3:16:50 PM","391010"
"C:\Users\Usuario\Downloads\Documentos","Conformitat_per_incorporar_una_persona_en_un_domicili.pdf",".pdf","7/7/2025 6:42:46 PM","234830"
"C:\Users\Usuario\Downloads\Documentos","CV_da.doc",".doc","12/29/2025 10:49:26 PM","517632"
"C:\Users\Usuario\Downloads\Documentos","Dades de la cita.pdf",".pdf","6/23/2025 11:07:13 AM","27390"
"C:\Users\Usuario\Downloads\Documentos","dansk_verber_500_sort (1).pdf",".pdf","10/29/2025 6:03:37 PM","3028"
"C:\Users\Usuario\Downloads\Documentos","dansk_verber_500_sort.pdf",".pdf","10/29/2025 5:45:14 PM","3028"
"C:\Users\Usuario\Downloads\Documentos","DOC2___Conformitat_per_incorporar_una_persona_en_un_domicili (1).pdf",".pdf","7/7/2025 6:37:38 PM","230186"
"C:\Users\Usuario\Downloads\Documentos","DOC2___Conformitat_per_incorporar_una_persona_en_un_domicili.pdf",".pdf","7/7/2025 6:42:46 PM","234830"
"C:\Users\Usuario\Downloads\Documentos","Documento sin título.pdf",".pdf","7/3/2025 1:53:54 PM","30895"
"C:\Users\Usuario\Downloads\Documentos","documentoinformativo.aspx (1).pdf",".pdf","7/4/2025 4:35:50 PM","139432"
"C:\Users\Usuario\Downloads\Documentos","documentoinformativo.aspx.pdf",".pdf","7/4/2025 4:14:20 PM","249588"
"C:\Users\Usuario\Downloads\Documentos","Ficha_Cesión_Datos_y_Adhesión__Programa_CCC_Barcelona_Services (1).pdf",".pdf","5/20/2025 10:43:22 PM","151808"
"C:\Users\Usuario\Downloads\Documentos","Ficha_Cesión_Datos_y_Adhesión__Programa_CCC_Barcelona_Services (2).pdf",".pdf","5/22/2025 12:05:14 PM","151808"
"C:\Users\Usuario\Downloads\Documentos","Ficha_Cesión_Datos_y_Adhesión__Programa_CCC_Barcelona_Services.pdf",".pdf","5/20/2025 10:42:45 PM","151808"
"C:\Users\Usuario\Downloads\Documentos","Ficha_Cesión_Datos_y_Adhesión__Programa_CCC_Barcelona_Services_EN (1).pdf",".pdf","5/22/2025 12:05:17 PM","197639"
"C:\Users\Usuario\Downloads\Documentos","Ficha_Cesión_Datos_y_Adhesión__Programa_CCC_Barcelona_Services_EN.pdf",".pdf","5/20/2025 10:43:22 PM","197639"
"C:\Users\Usuario\Downloads\Documentos","Final DOC2___Conformitat_per_incorporar_una_persona_en_un_domicili.pdf",".pdf","7/7/2025 6:48:16 PM","337005"
"C:\Users\Usuario\Downloads\Documentos","guantes bebita.pdf",".pdf","10/13/2024 1:35:54 PM","357795"
"C:\Users\Usuario\Downloads\Documentos","historial_entrenamiento (1).csv",".csv","5/5/2026 11:17:55 PM","968"
"C:\Users\Usuario\Downloads\Documentos","historial_entrenamiento.csv",".csv","5/5/2026 11:10:29 PM","457"
"C:\Users\Usuario\Downloads\Documentos","index.html",".html","5/17/2026 12:54:47 AM","28213"
"C:\Users\Usuario\Downloads\Documentos","INFORME INDEPENDIENTE NEOPRENO LC vs YAMAMOTO 45.pdf",".pdf","10/11/2024 1:15:34 AM","1028545"
"C:\Users\Usuario\Downloads\Documentos","Jonathan Ponce Cover Letter .pdf",".pdf","4/29/2026 8:35:03 PM","26882"
"C:\Users\Usuario\Downloads\Documentos","Jonathan Ponce de Leon (1).pdf",".pdf","4/21/2026 8:55:26 PM","570926"
"C:\Users\Usuario\Downloads\Documentos","Jonathan Ponce de Leon (2).pdf",".pdf","4/29/2026 8:01:48 PM","570667"
"C:\Users\Usuario\Downloads\Documentos","Jonathan Ponce de Leon.pdf",".pdf","4/21/2026 8:53:22 PM","570926"
"C:\Users\Usuario\Downloads\Documentos","Jonathan Ponce de Leon_CertificadoINSS.pdf",".pdf","5/26/2025 12:09:55 PM","243690"
"C:\Users\Usuario\Downloads\Documentos","modelo-autorizacion-realizacion-tramites-del-padron-habitantes-nombre-otra-persona.pdf",".pdf","7/3/2025 1:42:45 PM","50363"
"C:\Users\Usuario\Downloads\Documentos","Modeloautorizacionausuario.pdf",".pdf","7/2/2025 11:31:00 PM","12111"
"C:\Users\Usuario\Downloads\Documentos","pedido.pdf",".pdf","4/10/2025 2:38:18 PM","131241"
"C:\Users\Usuario\Downloads\Documentos","portfolio-colorista11.html",".html","5/15/2026 12:40:46 PM","70883"
"C:\Users\Usuario\Downloads\Documentos","return .pdf",".pdf","1/12/2026 9:28:26 AM","93565"
"C:\Users\Usuario\Downloads\Documentos","SEPE BBAJA.pdf",".pdf","4/9/2026 11:00:26 PM","51506"
"C:\Users\Usuario\Downloads\Documentos","TABLA COMPARATIVA TIPOS DE TRAJES DE PESCA Y APNEA.pdf",".pdf","10/11/2024 1:16:14 AM","323315"
"C:\Users\Usuario\Downloads\Documentos","TABLA DE TALLAS TRAJES (1).pdf",".pdf","10/11/2024 11:02:30 AM","181718"
"C:\Users\Usuario\Downloads\Documentos","TABLA DE TALLAS TRAJES (2).pdf",".pdf","10/11/2024 11:06:18 AM","181718"
"C:\Users\Usuario\Downloads\Documentos","TABLA DE TALLAS TRAJES (3).pdf",".pdf","10/13/2024 12:53:49 PM","181718"
"C:\Users\Usuario\Downloads\Documentos","TABLA DE TALLAS TRAJES (4).pdf",".pdf","10/13/2024 1:10:13 PM","181718"
"C:\Users\Usuario\Downloads\Documentos","TABLA DE TALLAS TRAJES (5).pdf",".pdf","10/16/2024 2:07:39 AM","181718"
"C:\Users\Usuario\Downloads\Documentos","TABLA DE TALLAS TRAJES (6).pdf",".pdf","10/16/2024 10:39:49 AM","181718"
"C:\Users\Usuario\Downloads\Documentos","TABLA DE TALLAS TRAJES (7).pdf",".pdf","10/16/2024 10:42:00 AM","181718"
"C:\Users\Usuario\Downloads\Documentos","TABLA DE TALLAS TRAJES.pdf",".pdf","9/8/2024 7:36:01 PM","181718"
"C:\Users\Usuario\Downloads\Documentos","Tríptico_Presentación_Candidato_CCC_Crheo (1).pdf",".pdf","5/20/2025 10:43:22 PM","205734"
"C:\Users\Usuario\Downloads\Documentos","Tríptico_Presentación_Candidato_CCC_Crheo (2).pdf",".pdf","5/22/2025 12:05:09 PM","205734"
"C:\Users\Usuario\Downloads\Documentos","Tríptico_Presentación_Candidato_CCC_Crheo.pdf",".pdf","5/20/2025 10:43:22 PM","205734"
"C:\Users\Usuario\Downloads\Documentos","verblist.xlsx - Table 1.pdf",".pdf","11/11/2025 5:56:53 PM","94769"
"C:\Users\Usuario\Downloads\Documentos","Ver_imprimir etiqueta.pdf",".pdf","11/3/2025 11:02:47 PM","133755"
"C:\Users\Usuario\Downloads\Documentos","watch.htm",".htm","1/22/2026 11:07:25 AM","1705877"
"C:\Users\Usuario\Downloads\Fotos en iCloud (1)\Fotos en iCloud","IMG_1806.JPEG",".JPEG","4/23/2026 1:16:11 PM","729762"
"C:\Users\Usuario\Downloads\Fotos en iCloud (1)\Fotos en iCloud","IMG_1806.MOV",".MOV","4/23/2026 1:16:11 PM","6565106"
"C:\Users\Usuario\Downloads\Fotos en iCloud de Andrea Fernández García\Fotos en iCloud de Andrea Fernández García","AF THE ROOTZ BCN - OSCAR GROUP 1_1.mp4",".mp4","4/23/2026 12:23:52 PM","264617319"
"C:\Users\Usuario\Downloads\GR-44 ST for DR DEMO v1.8 Personal Use\GR-44 ST for DR DEMO v1.8 Personal Use","Full Pack Here.url",".url","4/20/2026 9:42:46 PM","176"
"C:\Users\Usuario\Downloads\GR-44 ST for DR DEMO v1.8 Personal Use\GR-44 ST for DR DEMO v1.8 Personal Use","New Categories of Transitions Here.url",".url","4/20/2026 9:42:46 PM","125"
"C:\Users\Usuario\Downloads\GR-44 ST for DR DEMO v1.8 Personal Use\GR-44 ST for DR DEMO v1.8 Personal Use","Read Me.txt",".txt","4/20/2026 9:42:46 PM","223"
"C:\Users\Usuario\Downloads\iCloud-fotos fra Andrea Fernández García\iCloud-fotos fra Andrea Fernández García","1866a36e-5e31-40c5-8e50-4d3f79586a68.mp4",".mp4","4/14/2026 6:20:24 PM","20023409"
"C:\Users\Usuario\Downloads\iCloud-fotos fra Andrea Fernández García\iCloud-fotos fra Andrea Fernández García","7ce78bf8-db1c-4312-8c89-91a9b80a9d04.mp4",".mp4","4/14/2026 6:20:24 PM","2535654"
"C:\Users\Usuario\Downloads\iCloud-fotos fra Andrea Fernández García\iCloud-fotos fra Andrea Fernández García","8af6d51a-c95c-462d-b456-68ae337472bf.mp4",".mp4","4/14/2026 6:20:24 PM","23143790"
"C:\Users\Usuario\Downloads\iCloud-fotos fra Andrea Fernández García\iCloud-fotos fra Andrea Fernández García","9e5b9903-abbd-4a45-b448-d4ca90af3d2b.mov",".mov","4/14/2026 6:20:24 PM","13062295"
"C:\Users\Usuario\Downloads\iCloud-fotos fra Andrea Fernández García\iCloud-fotos fra Andrea Fernández García","ALEIX GROUP 1.mp4",".mp4","4/14/2026 6:20:22 PM","330044988"
"C:\Users\Usuario\Downloads\iCloud-fotos fra Andrea Fernández García\iCloud-fotos fra Andrea Fernández García","b0b10863e5c34d6586ebcc3bd95feb15.mp4",".mp4","4/14/2026 6:20:22 PM","39618788"
"C:\Users\Usuario\Downloads\iCloud-fotos fra Andrea Fernández García\iCloud-fotos fra Andrea Fernández García","b57b71b3-764a-428a-8a00-1f5990a17fc2.mov",".mov","4/14/2026 6:20:24 PM","7591206"
"C:\Users\Usuario\Downloads\iCloud-fotos fra Andrea Fernández García\iCloud-fotos fra Andrea Fernández García","b6c46a78-a470-47e3-8351-1ced716f10cb.mp4",".mp4","4/14/2026 6:20:24 PM","6263553"
"C:\Users\Usuario\Downloads\iCloud-fotos fra Andrea Fernández García\iCloud-fotos fra Andrea Fernández García","DSC_2945%20copia.jpg",".jpg","4/14/2026 6:20:24 PM","9602111"
"C:\Users\Usuario\Downloads\iCloud-fotos fra Andrea Fernández García\iCloud-fotos fra Andrea Fernández García","Edgar_18-11-22_Video 1.mp4",".mp4","4/14/2026 6:20:24 PM","130478004"
"C:\Users\Usuario\Downloads\iCloud-fotos fra Andrea Fernández García\iCloud-fotos fra Andrea Fernández García","export_1669544257513.mov",".mov","4/14/2026 6:20:23 PM","105771916"
"C:\Users\Usuario\Downloads\iCloud-fotos fra Andrea Fernández García\iCloud-fotos fra Andrea Fernández García","IMG_8376.MP4",".MP4","4/14/2026 6:20:22 PM","25677977"
"C:\Users\Usuario\Downloads\iCloud-fotos fra Andrea Fernández García\iCloud-fotos fra Andrea Fernández García","IMG_8694.MP4",".MP4","4/14/2026 6:20:22 PM","10471599"
"C:\Users\Usuario\Downloads\iCloud-fotos fra Andrea Fernández García\iCloud-fotos fra Andrea Fernández García","IMG_8702.MP4",".MP4","4/14/2026 6:20:22 PM","9759682"
"C:\Users\Usuario\Downloads\iCloud-fotos fra Andrea Fernández García\iCloud-fotos fra Andrea Fernández García","My Movie 1.MP4",".MP4","4/14/2026 6:20:24 PM","32287952"
"C:\Users\Usuario\Downloads\iCloud-fotos fra Andrea Fernández García\iCloud-fotos fra Andrea Fernández García","RPReplay_Final1645903060.MP4",".MP4","4/14/2026 6:20:24 PM","8001904"
"C:\Users\Usuario\Downloads\Imágenes","Adobe Express - file.png",".png","6/27/2025 11:37:02 PM","100958"
"C:\Users\Usuario\Downloads\Imágenes","ai-generated-8358803_1280.jpg",".jpg","9/30/2025 7:46:50 PM","257435"
"C:\Users\Usuario\Downloads\Imágenes","ai-generated-8684144_1280.jpg",".jpg","9/30/2025 7:46:35 PM","240730"
"C:\Users\Usuario\Downloads\Imágenes","albert-einstein-7476672_1280.png",".png","9/30/2025 7:45:24 PM","803662"
"C:\Users\Usuario\Downloads\Imágenes","Captura de pantalla 2026-03-26 035905.png",".png","3/26/2026 3:59:18 AM","1195187"
"C:\Users\Usuario\Downloads\Imágenes","Captura de pantalla 2026-03-26 0359052.png",".png","3/26/2026 3:59:55 AM","1195187"
"C:\Users\Usuario\Downloads\Imágenes","Captura de pantalla 2026-03-26 040137.png",".png","3/26/2026 4:01:44 AM","1148971"
"C:\Users\Usuario\Downloads\Imágenes","Comprobante propietario.jpg",".jpg","7/7/2025 6:27:54 PM","351288"
"C:\Users\Usuario\Downloads\Imágenes","Cuadro-tallas-trajes-Cressi.jpg",".jpg","10/13/2024 1:09:13 PM","132840"
"C:\Users\Usuario\Downloads\Imágenes","DNI cristina delante 2025-07-07 a las 18.11.24_a204e46f.jpg",".jpg","7/7/2025 6:11:24 PM","211558"
"C:\Users\Usuario\Downloads\Imágenes","DNI cristina por detras 2025-07-07 a las 18.11.24_9497a4df.jpg",".jpg","7/7/2025 6:11:24 PM","143221"
"C:\Users\Usuario\Downloads\Imágenes","dni delante.jpg",".jpg","2/12/2025 2:16:59 PM","288823"
"C:\Users\Usuario\Downloads\Imágenes","dni detras.jpg",".jpg","2/12/2025 2:16:59 PM","252619"
"C:\Users\Usuario\Downloads\Imágenes","e388a425-5621-4292-85fc-c1260aa725b4.jpg",".jpg","5/5/2026 9:36:30 AM","152437"
"C:\Users\Usuario\Downloads\Imágenes","FX6_GREEN TO BROWN_2.3.1.jpg",".jpg","10/15/2025 9:31:53 AM","4415345"
"C:\Users\Usuario\Downloads\Imágenes","Gemini_Generated_Image_3celef3celef3cel.png",".png","5/4/2026 9:31:30 AM","7985354"
"C:\Users\Usuario\Downloads\Imágenes","Gemini_Generated_Image_abgextabgextabge.png",".png","5/5/2026 9:42:28 AM","2441855"
"C:\Users\Usuario\Downloads\Imágenes","Gemini_Generated_Image_aoxkulaoxkulaoxk.png",".png","5/1/2026 12:22:50 AM","6726553"
"C:\Users\Usuario\Downloads\Imágenes","Gemini_Generated_Image_bkir7kbkir7kbkir.png",".png","5/4/2026 9:30:31 AM","7116860"
"C:\Users\Usuario\Downloads\Imágenes","Gemini_Generated_Image_i95rxei95rxei95r.png",".png","4/30/2026 1:40:31 PM","7805294"
"C:\Users\Usuario\Downloads\Imágenes","Gemini_Generated_Image_qes6teqes6teqes6.png",".png","5/1/2026 12:42:13 AM","5840311"
"C:\Users\Usuario\Downloads\Imágenes","Gemini_Generated_Image_qz6jaxqz6jaxqz6j.png",".png","4/30/2026 1:33:43 PM","9296218"
"C:\Users\Usuario\Downloads\Imágenes","Generated Image May 13, 2026 - 5_57PM.jpg",".jpg","5/13/2026 5:57:43 PM","855402"
"C:\Users\Usuario\Downloads\Imágenes","Generated Image May 13, 2026 - 6_06PM.jpg",".jpg","5/13/2026 6:07:30 PM","8746899"
"C:\Users\Usuario\Downloads\Imágenes","Generated Image May 13, 2026 - 6_12PM.jpg",".jpg","5/13/2026 6:12:35 PM","8725002"
"C:\Users\Usuario\Downloads\Imágenes","Generated Image May 13, 2026 - 6_20PM.jpg",".jpg","5/13/2026 6:20:42 PM","7456237"
"C:\Users\Usuario\Downloads\Imágenes","Generated Image May 13, 2026 - 6_23PM.jpg",".jpg","5/13/2026 6:23:44 PM","8267373"
"C:\Users\Usuario\Downloads\Imágenes","Icono de acceso directo.ico",".ico","11/17/2024 7:43:38 PM","38294"
"C:\Users\Usuario\Downloads\Imágenes","Imagen de WhatsApp 2025-02-12 a las 13.29.31_65466ed9.jpg",".jpg","2/12/2025 2:16:59 PM","252619"
"C:\Users\Usuario\Downloads\Imágenes","Imagen de WhatsApp 2025-02-12 a las 13.29.31_af8ad40f.jpg",".jpg","2/12/2025 2:16:59 PM","288823"
"C:\Users\Usuario\Downloads\Imágenes","Imagen de WhatsApp 2025-05-14 a las 15.45.27_f2a8d7a5.jpg",".jpg","5/14/2025 3:45:31 PM","688613"
"C:\Users\Usuario\Downloads\Imágenes","Imagen de WhatsApp 2025-06-14 a las 16.35.41_b7060af7.jpg",".jpg","6/14/2025 4:35:43 PM","451402"
"C:\Users\Usuario\Downloads\Imágenes","Imagen de WhatsApp 2025-06-14 a las 16.35.41_bb2fc527.jpg",".jpg","6/14/2025 4:35:43 PM","451402"
"C:\Users\Usuario\Downloads\Imágenes","Imagen de WhatsApp 2025-07-04 a las 16.14.57_a25f8450.jpg",".jpg","7/4/2025 4:14:59 PM","121869"
"C:\Users\Usuario\Downloads\Imágenes","Imagen_de_WhatsApp_2025-07-04_a_las_16.14.57_a25f8450-removebg-preview.png",".png","7/4/2025 4:24:48 PM","35868"
"C:\Users\Usuario\Downloads\Imágenes","IMG_3057.JPEG",".JPEG","4/16/2026 2:15:25 PM","1737735"
"C:\Users\Usuario\Downloads\Imágenes","LUT, Green SKOW TO BROWN_2.19.1.jpg",".jpg","10/6/2025 4:11:10 PM","2714567"
"C:\Users\Usuario\Downloads\Imágenes","Outdoorfyn_levering.jpeg",".jpeg","1/6/2026 2:11:24 PM","236036"
"C:\Users\Usuario\Downloads\Imágenes","pexels-energepic-com-27411-313690.jpg",".jpg","9/22/2025 5:44:04 PM","1102621"
"C:\Users\Usuario\Downloads\Imágenes","PNG1.png",".png","4/16/2026 1:48:23 PM","24925695"
"C:\Users\Usuario\Downloads\Imágenes","PNG2.png",".png","4/16/2026 1:48:27 PM","24925695"
"C:\Users\Usuario\Downloads\Imágenes","PNG3.png",".png","4/16/2026 1:48:34 PM","24925695"
"C:\Users\Usuario\Downloads\Imágenes","png4_1.20.1.png",".png","4/16/2026 2:02:23 PM","24925695"
"C:\Users\Usuario\Downloads\Imágenes","Still 2025-10-05 111619_1.1.1.jpg",".jpg","10/5/2025 11:16:25 AM","3486668"
"C:\Users\Usuario\Downloads\Imágenes","Still 2026-04-08 231448_1.18.2.jpg",".jpg","4/8/2026 11:14:55 PM","2753010"
"C:\Users\Usuario\Downloads\Imágenes","Still 2026-04-16 133805_1.10.1.jpg",".jpg","4/16/2026 1:38:19 PM","2521242"
"C:\Users\Usuario\Downloads\Imágenes","Still 2026-04-16 134355_1.5.2.tif",".tif","4/16/2026 1:45:30 PM","49766582"
"C:\Users\Usuario\Downloads\Imágenes","Still 2026-04-16 134602_1.3.2.tif",".tif","4/16/2026 1:46:04 PM","49766582"
"C:\Users\Usuario\Downloads\Imágenes","Still 2026-04-16 134606_1.1.2.tif",".tif","4/16/2026 1:46:07 PM","49766582"
"C:\Users\Usuario\Downloads\Imágenes","Still 2026-04-16 141830_1.7.1.png",".png","4/16/2026 2:18:33 PM","24925695"
"C:\Users\Usuario\Downloads\Imágenes","Still 2026-04-16 142020_1.11.1.png",".png","4/16/2026 2:20:23 PM","24925695"
"C:\Users\Usuario\Downloads\Imágenes","Still 2026-04-16 194518_1.1.3.png",".png","4/16/2026 7:45:27 PM","24925695"
"C:\Users\Usuario\Downloads\Imágenes","Still 2026-04-16 194518_1.15.2.png",".png","4/16/2026 7:45:27 PM","24925695"
"C:\Users\Usuario\Downloads\Imágenes","Still 2026-04-16 194518_1.3.3.png",".png","4/16/2026 7:45:27 PM","24925695"
"C:\Users\Usuario\Downloads\Imágenes","Still 2026-04-16 194518_1.5.2.png",".png","4/16/2026 7:45:27 PM","24925695"
"C:\Users\Usuario\Downloads\Imágenes","Still 2026-04-21 204241_1.1.1.png",".png","4/21/2026 8:42:46 PM","24925695"
"C:\Users\Usuario\Downloads\Imágenes","Still 2026-04-21 204754_1.1.2.png",".png","4/21/2026 8:47:56 PM","24925695"
"C:\Users\Usuario\Downloads\Imágenes","WhatsApp Image 2026-05-07 at 23.10.17.jpeg",".jpeg","5/7/2026 11:14:23 PM","81805"
"C:\Users\Usuario\Downloads\Imágenes","WhatsApp Image 2026-05-11 at 18.36.17.jpeg",".jpeg","5/11/2026 6:38:34 PM","81805"
"C:\Users\Usuario\Downloads\Imágenes","WhatsApp Image 2026-05-11 at 18.49.44.jpeg",".jpeg","5/11/2026 6:50:11 PM","45288"
"C:\Users\Usuario\Downloads\Imágenes","WhatsApp Image 2026-05-11 at 19.18.09.jpeg",".jpeg","5/11/2026 7:18:21 PM","92967"
"C:\Users\Usuario\Downloads\Imágenes","WhatsApp Image 2026-05-11 at 22.49.28 (1).jpeg",".jpeg","5/11/2026 10:50:03 PM","43211"
"C:\Users\Usuario\Downloads\Imágenes","WhatsApp Image 2026-05-11 at 22.49.28.jpeg",".jpeg","5/11/2026 10:49:55 PM","41322"
"C:\Users\Usuario\Downloads\Imágenes","WhatsApp Image 2026-05-13 at 18.41.45.jpeg",".jpeg","5/13/2026 6:42:14 PM","215803"
"C:\Users\Usuario\Downloads\Imágenes","WhatsApp Image 2026-05-13 at 19.14.17.jpeg",".jpeg","5/13/2026 9:26:50 PM","110819"
"C:\Users\Usuario\Downloads\Imágenes","woman-1844727.jpg",".jpg","7/9/2025 8:22:15 AM","3130042"
"C:\Users\Usuario\Downloads\Instaladores","Antigravity.exe",".exe","5/5/2026 8:47:59 AM","218603088"
"C:\Users\Usuario\Downloads\Instaladores","bphbOtyW.exe",".exe","3/22/2025 8:48:36 AM","17245696"
"C:\Users\Usuario\Downloads\Instaladores","ChromeSetup.exe",".exe","5/18/2025 7:42:31 PM","11457408"
"C:\Users\Usuario\Downloads\Instaladores","Claude Setup.exe",".exe","5/14/2026 1:02:25 PM","6989472"
"C:\Users\Usuario\Downloads\Instaladores","D48rnPxM.exe",".exe","4/3/2025 12:13:05 AM","17245696"
"C:\Users\Usuario\Downloads\Instaladores","D514irnC.exe",".exe","3/29/2025 5:38:46 PM","17245696"
"C:\Users\Usuario\Downloads\Instaladores","democreator_setup_full7743.exe",".exe","2/3/2026 10:30:37 PM","2302960"
"C:\Users\Usuario\Downloads\Instaladores","EAappInstaller.exe",".exe","3/7/2026 7:16:28 PM","2436704"
"C:\Users\Usuario\Downloads\Instaladores","FzC2WnyJ.exe",".exe","4/4/2025 1:08:45 AM","17245696"
"C:\Users\Usuario\Downloads\Instaladores","GoPro Player Installer.exe",".exe","4/22/2025 2:21:25 PM","1104440"
"C:\Users\Usuario\Downloads\Instaladores","GVwYYK1b.exe",".exe","3/23/2025 6:54:36 AM","17245696"
"C:\Users\Usuario\Downloads\Instaladores","Install Resolve 20.0b.exe",".exe","5/2/2025 11:06:08 AM","2319800"
"C:\Users\Usuario\Downloads\Instaladores","jre-8u461-windows-i586-iftw (1).exe",".exe","9/14/2025 8:31:12 PM","2393696"
"C:\Users\Usuario\Downloads\Instaladores","jre-8u461-windows-i586-iftw.exe",".exe","9/14/2025 8:31:08 PM","2393696"
"C:\Users\Usuario\Downloads\Instaladores","MinecraftInstaller.exe",".exe","6/16/2025 11:21:44 PM","33908768"
"C:\Users\Usuario\Downloads\Instaladores","mInstaller_setup (1).exe",".exe","9/23/2025 9:42:47 AM","93975456"
"C:\Users\Usuario\Downloads\Instaladores","mInstaller_setup.exe",".exe","5/11/2025 1:32:38 AM","93975456"
"C:\Users\Usuario\Downloads\Instaladores","NMjDp5rf.exe",".exe","3/23/2025 6:42:48 PM","17245696"
"C:\Users\Usuario\Downloads\Instaladores","OP.GG Setup 2.0.6.exe",".exe","10/1/2025 6:16:37 PM","112131960"
"C:\Users\Usuario\Downloads\Instaladores","python-3.11.0-amd64.exe",".exe","5/15/2026 12:47:56 AM","25157416"
"C:\Users\Usuario\Downloads\Instaladores","Riot Repair Tool.exe",".exe","9/15/2025 7:16:41 PM","58947144"
"C:\Users\Usuario\Downloads\Instaladores","S4UDztc9.exe",".exe","4/2/2025 10:34:58 AM","17245696"
"C:\Users\Usuario\Downloads\Instaladores","Shapeit-installer.exe",".exe","10/18/2025 8:27:22 AM","2476504"
"C:\Users\Usuario\Downloads\Instaladores","VSCodeUserSetup-x64-1.120.0.exe",".exe","5/15/2026 1:52:08 AM","157176400"
"C:\Users\Usuario\Downloads\luts\Film emualtor","Kodak Gold 200.cube",".cube","4/20/2026 8:58:39 PM","1221968"
"C:\Users\Usuario\Downloads\Otros","Audio de WhatsApp 2025-04-29 a las 11.09.01_1f4bb39b.dat.unknown",".unknown","4/29/2025 11:12:57 AM","453785"
"C:\Users\Usuario\Downloads\Otros","derby.log",".log","2/26/2025 11:01:17 PM","1129"
"C:\Users\Usuario\Downloads\Otros","DogHappiness_v2.lua",".lua","4/29/2026 6:46:46 PM","10743"
"C:\Users\Usuario\Downloads\Otros","FX6_GREEN TO BROWN_2.3.1.drx",".drx","10/15/2025 9:31:53 AM","202288"
"C:\Users\Usuario\Downloads\Otros","game.js",".js","5/17/2026 12:54:46 AM","103613"
"C:\Users\Usuario\Downloads\Otros","implementation_plan.md",".md","5/7/2026 9:10:02 AM","4321"
"C:\Users\Usuario\Downloads\Otros","LUT, Green SKOW TO BROWN_2.19.1.drx",".drx","10/6/2025 4:11:10 PM","185335"
"C:\Users\Usuario\Downloads\Otros","MagicAnimateV3.0.drfx",".drfx","9/23/2025 9:49:28 AM","29455"
"C:\Users\Usuario\Downloads\Otros","MagicZoomV3.drfx",".drfx","9/23/2025 9:47:54 AM","29297"
"C:\Users\Usuario\Downloads\Otros","MrAlexTechUltimateSeamless.drfx",".drfx","9/23/2025 9:50:27 AM","61606"
"C:\Users\Usuario\Downloads\Otros","peluchito foto_1.4.1.drx",".drx","10/5/2025 11:08:27 AM","40015"
"C:\Users\Usuario\Downloads\Otros","png4_1.20.1.drx",".drx","4/16/2026 2:02:23 PM","93722"
"C:\Users\Usuario\Downloads\Otros","Still 2025-10-05 111619_1.1.1.drx",".drx","10/5/2025 11:16:25 AM","28265"
"C:\Users\Usuario\Downloads\Otros","Still 2026-04-08 231448_1.18.2.drx",".drx","4/8/2026 11:14:55 PM","40250"
"C:\Users\Usuario\Downloads\Otros","Still 2026-04-16 133805_1.10.1.drx",".drx","4/16/2026 1:38:19 PM","93646"
"C:\Users\Usuario\Downloads\Otros","Still 2026-04-16 134355_1.5.2.drx",".drx","4/16/2026 1:45:30 PM","155569"
"C:\Users\Usuario\Downloads\Otros","Still 2026-04-16 134602_1.3.2.drx",".drx","4/16/2026 1:46:04 PM","111295"
"C:\Users\Usuario\Downloads\Otros","Still 2026-04-16 134606_1.1.2.drx",".drx","4/16/2026 1:46:07 PM","131443"
"C:\Users\Usuario\Downloads\Otros","Still 2026-04-16 134817_1.1.2.drx",".drx","4/16/2026 1:48:23 PM","131443"
"C:\Users\Usuario\Downloads\Otros","Still 2026-04-16 134825_1.3.2.drx",".drx","4/16/2026 1:48:27 PM","111295"
"C:\Users\Usuario\Downloads\Otros","Still 2026-04-16 134832_1.5.2.drx",".drx","4/16/2026 1:48:34 PM","155569"
"C:\Users\Usuario\Downloads\Otros","Still 2026-04-16 141830_1.7.1.drx",".drx","4/16/2026 2:18:33 PM","133241"
"C:\Users\Usuario\Downloads\Otros","Still 2026-04-16 142020_1.11.1.drx",".drx","4/16/2026 2:20:23 PM","114348"
"C:\Users\Usuario\Downloads\Otros","Still 2026-04-16 194518_1.1.3.drx",".drx","4/16/2026 7:45:27 PM","136679"
"C:\Users\Usuario\Downloads\Otros","Still 2026-04-16 194518_1.15.2.drx",".drx","4/16/2026 7:45:27 PM","136536"
"C:\Users\Usuario\Downloads\Otros","Still 2026-04-16 194518_1.3.3.drx",".drx","4/16/2026 7:45:27 PM","116077"
"C:\Users\Usuario\Downloads\Otros","Still 2026-04-16 194518_1.5.2.drx",".drx","4/16/2026 7:45:27 PM","155569"
"C:\Users\Usuario\Downloads\Otros","Still 2026-04-21 204241_1.1.1.drx",".drx","4/21/2026 8:42:46 PM","177434"
"C:\Users\Usuario\Downloads\Otros","Still 2026-04-21 204754_1.1.2.drx",".drx","4/21/2026 8:47:56 PM","185046"
"C:\Users\Usuario\Downloads\Pagina web portolio Jonathan","portfolio-colorista.html",".html","5/14/2026 1:12:58 PM","48546"
"C:\Users\Usuario\Downloads\Pagina web portolio Jonathan","portfolio-colorista10.html",".html","5/15/2026 12:20:17 AM","62125"
"C:\Users\Usuario\Downloads\Pagina web portolio Jonathan","portfolio-colorista2.html",".html","5/14/2026 1:26:38 PM","52422"
"C:\Users\Usuario\Downloads\Pagina web portolio Jonathan","portfolio-colorista3.html",".html","5/14/2026 1:37:02 PM","58941"
"C:\Users\Usuario\Downloads\Pagina web portolio Jonathan","portfolio-colorista4.html",".html","5/14/2026 1:47:05 PM","58941"
"C:\Users\Usuario\Downloads\Pagina web portolio Jonathan","portfolio-colorista5.html",".html","5/14/2026 1:50:52 PM","58941"
"C:\Users\Usuario\Downloads\Vídeo","123829-729019765.mp4",".mp4","6/10/2025 10:38:58 AM","30787297"
"C:\Users\Usuario\Downloads\Vídeo","124251-730508536.mp4",".mp4","7/8/2025 11:16:33 PM","6735563"
"C:\Users\Usuario\Downloads\Vídeo","129427-744370618.mp4",".mp4","7/9/2025 8:34:51 AM","6213998"
"C:\Users\Usuario\Downloads\Vídeo","130646-747868367_small.mp4",".mp4","9/14/2025 5:16:19 PM","6636844"
"C:\Users\Usuario\Downloads\Vídeo","13823-251868069.mp4",".mp4","6/10/2025 1:04:40 AM","1520596"
"C:\Users\Usuario\Downloads\Vídeo","143_0057S03.MP4",".MP4","9/20/2025 9:35:54 AM","17317405"
"C:\Users\Usuario\Downloads\Vídeo","143_0064S03.MP4",".MP4","9/20/2025 9:35:56 AM","17314965"
"C:\Users\Usuario\Downloads\Vídeo","143_0066S03.MP4",".MP4","9/20/2025 9:35:58 AM","17315999"
"C:\Users\Usuario\Downloads\Vídeo","143_0067S03.MP4",".MP4","9/20/2025 9:36:07 AM","17316565"
"C:\Users\Usuario\Downloads\Vídeo","143_0069S03.MP4",".MP4","9/20/2025 9:36:10 AM","17316311"
"C:\Users\Usuario\Downloads\Vídeo","144811-785282892_small.mp4",".mp4","10/22/2025 8:24:25 PM","1450601"
"C:\Users\Usuario\Downloads\Vídeo","151472-800921023.mp4",".mp4","7/9/2025 9:26:57 AM","821606"
"C:\Users\Usuario\Downloads\Vídeo","16094384-uhd_3840_2160_30fps.mp4",".mp4","7/9/2025 8:24:09 AM","6471544"
"C:\Users\Usuario\Downloads\Vídeo","16531-273379399.mp4",".mp4","7/17/2025 6:36:37 PM","9549485"
"C:\Users\Usuario\Downloads\Vídeo","182908-869766918.mp4",".mp4","6/10/2025 1:18:03 AM","36630396"
"C:\Users\Usuario\Downloads\Vídeo","186921-879213821.mp4",".mp4","7/9/2025 9:23:14 AM","271635"
"C:\Users\Usuario\Downloads\Vídeo","187518-880665407_small.mp4",".mp4","7/9/2025 8:55:12 PM","1586677"
"C:\Users\Usuario\Downloads\Vídeo","1877846-hd_1920_1080_30fps.mp4",".mp4","4/15/2025 11:42:39 PM","2213550"
"C:\Users\Usuario\Downloads\Vídeo","199558-910609536_small.mp4",".mp4","10/22/2025 7:51:11 PM","6825786"
"C:\Users\Usuario\Downloads\Vídeo","209409_tiny.mp4",".mp4","10/22/2025 7:44:36 PM","2898903"
"C:\Users\Usuario\Downloads\Vídeo","214500_small.mp4",".mp4","9/22/2025 6:30:59 PM","3051971"
"C:\Users\Usuario\Downloads\Vídeo","219499_small.mp4",".mp4","11/17/2025 3:43:30 PM","20676515"
"C:\Users\Usuario\Downloads\Vídeo","221469.mp4",".mp4","6/10/2025 9:28:52 AM","8295624"
"C:\Users\Usuario\Downloads\Vídeo","2257259-hd_1920_1080_20fps.mp4",".mp4","4/16/2025 12:06:42 AM","7754305"
"C:\Users\Usuario\Downloads\Vídeo","228847_small.mp4",".mp4","7/17/2025 7:09:14 PM","75579502"
"C:\Users\Usuario\Downloads\Vídeo","236893.mp4",".mp4","6/11/2025 12:25:29 AM","29462888"
"C:\Users\Usuario\Downloads\Vídeo","240092_small.mp4",".mp4","7/17/2025 3:37:54 PM","1595700"
"C:\Users\Usuario\Downloads\Vídeo","253436.mp4",".mp4","6/11/2025 12:09:53 AM","18922807"
"C:\Users\Usuario\Downloads\Vídeo","257853_small.mp4",".mp4","9/22/2025 6:35:27 PM","3336982"
"C:\Users\Usuario\Downloads\Vídeo","260163_small.mp4",".mp4","11/17/2025 3:37:28 PM","85034061"
"C:\Users\Usuario\Downloads\Vídeo","268290.mp4",".mp4","6/9/2025 4:31:42 PM","68071984"
"C:\Users\Usuario\Downloads\Vídeo","269395_medium.mp4",".mp4","10/22/2025 8:33:15 PM","287442"
"C:\Users\Usuario\Downloads\Vídeo","272647.mp4",".mp4","7/15/2025 5:57:19 PM","7022395"
"C:\Users\Usuario\Downloads\Vídeo","272653.mp4",".mp4","9/22/2025 5:38:17 PM","8442852"
"C:\Users\Usuario\Downloads\Vídeo","284231.mp4",".mp4","7/8/2025 4:09:18 PM","21740415"
"C:\Users\Usuario\Downloads\Vídeo","3709167-uhd_4096_2160_25fps.mp4",".mp4","7/8/2025 4:17:56 PM","50153406"
"C:\Users\Usuario\Downloads\Vídeo","4173415-uhd_3840_2160_30fps.mp4",".mp4","5/29/2025 12:11:11 AM","14618744"
"C:\Users\Usuario\Downloads\Vídeo","4520173-hd_1920_1080_30fps.mp4",".mp4","7/8/2025 4:28:43 PM","3809568"
"C:\Users\Usuario\Downloads\Vídeo","4596335-hd_1920_1080_25fps.mp4",".mp4","10/22/2025 8:43:16 PM","18852072"
"C:\Users\Usuario\Downloads\Vídeo","47813-452143783.mp4",".mp4","7/8/2025 8:50:07 PM","12134432"
"C:\Users\Usuario\Downloads\Vídeo","49375-459436752_small.mp4",".mp4","9/22/2025 6:33:39 PM","2589669"
"C:\Users\Usuario\Downloads\Vídeo","49395-459436810_small.mp4",".mp4","11/17/2025 3:48:18 PM","3749800"
"C:\Users\Usuario\Downloads\Vídeo","5006992-hd_1280_720_30fps.mp4",".mp4","5/6/2025 1:51:37 PM","1027029"
"C:\Users\Usuario\Downloads\Vídeo","5155396-uhd_3840_2160_30fps.mp4",".mp4","4/16/2025 12:04:32 AM","28943952"
"C:\Users\Usuario\Downloads\Vídeo","61702-500316065.mp4",".mp4","7/8/2025 11:04:35 PM","32623888"
"C:\Users\Usuario\Downloads\Vídeo","63427-506377691.mp4",".mp4","7/4/2025 5:55:51 PM","37716057"
"C:\Users\Usuario\Downloads\Vídeo","6542669-uhd_4096_2160_25fps.mp4",".mp4","7/9/2025 8:18:03 AM","43440813"
"C:\Users\Usuario\Downloads\Vídeo","6542676-uhd_2160_4096_25fps.mp4",".mp4","7/17/2025 6:37:41 PM","47121012"
"C:\Users\Usuario\Downloads\Vídeo","6689304-hd_1920_1080_25fps.mp4",".mp4","9/22/2025 5:41:08 PM","5037079"
"C:\Users\Usuario\Downloads\Vídeo","6713-195124795.mp4",".mp4","9/9/2025 8:31:21 AM","31805608"
"C:\Users\Usuario\Downloads\Vídeo","7280188-uhd_2160_3840_25fps.mp4",".mp4","7/17/2025 6:34:18 PM","19383695"
"C:\Users\Usuario\Downloads\Vídeo","7297842-uhd_3840_2160_30fps.mp4",".mp4","7/8/2025 4:27:56 PM","30321265"
"C:\Users\Usuario\Downloads\Vídeo","73711-549547411.mp4",".mp4","7/15/2025 5:55:54 PM","12259383"
"C:\Users\Usuario\Downloads\Vídeo","7671933-uhd_4096_2160_25fps.mp4",".mp4","7/8/2025 4:23:56 PM","33801988"
"C:\Users\Usuario\Downloads\Vídeo","83874-584870586.mp4",".mp4","7/16/2025 9:02:38 PM","16131062"
"C:\Users\Usuario\Downloads\Vídeo","83875-584870588.mp4",".mp4","7/8/2025 4:19:44 PM","15828605"
"C:\Users\Usuario\Downloads\Vídeo","8410462-hd_1920_1080_30fps.mp4",".mp4","7/9/2025 8:29:05 AM","5618994"
"C:\Users\Usuario\Downloads\Vídeo","8410467-hd_1080_1920_30fps.mp4",".mp4","7/8/2025 4:26:13 PM","4897376"
"C:\Users\Usuario\Downloads\Vídeo","8458517-uhd_4096_2160_25fps.mp4",".mp4","7/17/2025 4:00:44 PM","13167308"
"C:\Users\Usuario\Downloads\Vídeo","9463345-uhd_2160_4096_25fps.mp4",".mp4","7/9/2025 8:30:49 AM","61860759"
"C:\Users\Usuario\Downloads\Vídeo","Andrea Dance Video.mov",".mov","4/23/2026 1:46:43 PM","54415595"
"C:\Users\Usuario\Downloads\Vídeo","El Xokas insulta a los latinos por el LoL y dice que son malos. #xokas #elxokas.mp4",".mp4","2/3/2026 10:25:05 PM","1401920"
"C:\Users\Usuario\Downloads\Vídeo","f_a_d_a_b_c_mp_.mp4",".mp4","5/3/2026 10:13:24 AM","3883973"
"C:\Users\Usuario\Downloads\Vídeo","GX010494.MP4",".MP4","4/8/2025 11:57:29 PM","69166912"
"C:\Users\Usuario\Downloads\Vídeo","IMG_0002 (1).MOV",".MOV","9/26/2025 7:33:24 PM","18192570"
"C:\Users\Usuario\Downloads\Vídeo","IMG_0002.MOV",".MOV","9/26/2025 7:32:39 PM","18192570"
"C:\Users\Usuario\Downloads\Vídeo","IMG_0003 (1).MOV",".MOV","9/26/2025 7:33:12 PM","23349648"
"C:\Users\Usuario\Downloads\Vídeo","IMG_0003.MOV",".MOV","9/26/2025 7:32:34 PM","23349648"
"C:\Users\Usuario\Downloads\Vídeo","IMG_0006.MOV",".MOV","9/26/2025 7:34:30 PM","22205975"
"C:\Users\Usuario\Downloads\Vídeo","IMG_0008 (1).mov",".mov","9/26/2025 7:49:53 PM","16068636"
"C:\Users\Usuario\Downloads\Vídeo","IMG_0008.mov",".mov","9/26/2025 7:49:10 PM","16068636"
"C:\Users\Usuario\Downloads\Vídeo","IMG_0011.MOV",".MOV","9/26/2025 8:06:34 PM","13277726"
"C:\Users\Usuario\Downloads\Vídeo","IMG_0116.MOV",".MOV","9/30/2025 7:14:29 PM","818314356"
"C:\Users\Usuario\Downloads\Vídeo","IMG_0116.MP4",".MP4","9/30/2025 7:22:59 PM","35715405"
"C:\Users\Usuario\Downloads\Vídeo","IMG_0189.MOV",".MOV","10/4/2025 10:43:59 AM","464006372"
"C:\Users\Usuario\Downloads\Vídeo","IMG_0189.MP4",".MP4","10/4/2025 2:33:22 PM","464006372"
"C:\Users\Usuario\Downloads\Vídeo","IMG_0283.M4V",".M4V","5/3/2025 9:07:59 PM","18050872"
"C:\Users\Usuario\Downloads\Vídeo","IMG_0284.M4V",".M4V","5/3/2025 9:08:18 PM","14495326"
"C:\Users\Usuario\Downloads\Vídeo","IMG_1914.MP4",".MP4","9/22/2025 6:07:12 PM","50574178"
"C:\Users\Usuario\Downloads\Vídeo","IMG_2089.MOV",".MOV","9/24/2025 7:36:26 PM","11043059"
"C:\Users\Usuario\Downloads\Vídeo","IMG_2091.MOV",".MOV","9/24/2025 7:36:28 PM","12634945"
"C:\Users\Usuario\Downloads\Vídeo","IMG_2092.MOV",".MOV","9/24/2025 7:36:31 PM","39808731"
"C:\Users\Usuario\Downloads\Vídeo","IMG_9863.mov",".mov","4/2/2025 11:49:02 AM","57393886"
"C:\Users\Usuario\Downloads\Vídeo","instagram solnededggang rander.mov",".mov","10/15/2025 10:51:17 PM","85144763"
"C:\Users\Usuario\Downloads\Vídeo","mp_.mp4",".mp4","5/2/2026 12:03:06 AM","5661044"
"C:\Users\Usuario\Downloads\Vídeo","puede_ser_un_video_a_k_de_rel.mp4",".mp4","4/30/2026 8:08:27 PM","4227473"
"C:\Users\Usuario\Downloads\Vídeo","Quiero_crear_un_prompt_a_maxim.mp4",".mp4","5/1/2026 12:20:44 AM","4093598"
"C:\Users\Usuario\Downloads\Vídeo","randers solnedgang.mov",".mov","10/15/2025 6:59:05 PM","5727763130"
"C:\Users\Usuario\Downloads\Vídeo","Timeline 1.mov",".mov","4/14/2026 9:50:49 PM","63009898"
"C:\Users\Usuario\Downloads\Vídeo","videomp_.mp4",".mp4","5/3/2026 1:01:55 PM","9047525"
"C:\Users\Usuario\Downloads\Vídeo","VID_20250926_194503.mp4",".mp4","9/26/2025 7:49:09 PM","30912848"
"C:\Users\Usuario\Downloads\Vídeo","VID_20250926_200421.mp4",".mp4","9/26/2025 8:06:34 PM","6627805"
"C:\Users\Usuario\Downloads\Vídeo","VID_20250928_113648.mp4",".mp4","9/28/2025 12:08:38 PM","39834084"
"C:\Users\Usuario\Downloads\Vídeo","_storage_emulated_0_DCIM_Content Browser Mobile_143_0074S03.MP4",".MP4","9/20/2025 9:36:02 AM","17315741"
